fy,funding vehicle,bill,agency,administration,suboffice,suboffice_url,acct,suboffice_appr,program,program summary,program_appr,reference,mitigation,power,transportation,industry,agriculture,buildings,forestry,efficiency,clean_electricity,electrification,fuels,carbon_management,non_co2,land_sink,other,rd,piloting,deployment
2021,appropriations,Energy & Water,DOE,Department Administration,International Affairs,https://www.energy.gov/ia/office-international-affairs,089-0228-0-1-276-0014,26825,Energy Security and Clean Energy Initiatives,"The Energy Security and Clean Energy Initiatives are designed to decarbonize and improve energy system resiliency, protect energy infrastructure, reduce vulnerability in critical material supply, secure markets for clean energy resources, and build cooperation among regional trading partners  in the Arctic, Americas, Africa, Middle East, Europe and Eurasia, and the Pacific.",1025,"DOE FY22 Congressional Budget Justification Volume 2, Page 179",1025,1025,,,,,,,1025,,,,,,,,,1025
2021,appropriations,Energy & Water,DOE,Department Administration,International Affairs,https://www.energy.gov/ia/office-international-affairs,089-0228-0-1-276-0014,26825,Technical Assistance,The Technical Assistance program provides technical assistance to key multi-lateral organizations  to promote and advance U.S. clean energy policy priorities around the globe,1485,"DOE FY22 Congressional Budget Justification Volume 2, Page 178-9; DOE FY21 Budget Justification Volume 2, Page 191",1485,1485,,,,,,,1485,,,,,,,,,1485
2021,appropriations,Energy & Water,DOE,Department Administration,International Affairs,https://www.energy.gov/ia/international-affairs-initiatives,089-0228-0-1-276-0014,26825,BIRD Energy Program,"The Israel-U.S. Binational Industrial Research and Development Foundation (BIRD) Energy Program promotes U.S.-Israel cooperation on a range of clean energy technologies, including renewable energy, energy efficiency, natural gas, and energy–water technologies to support commercialization.",2000,"DOE FY22 Congressional Budget Justification Volume 2, Page 178-9, 182; DOE FY21 Budget Justification Volume 2, Page 191",2000,2000,,,,,,1000,1000,,,,,,,,,2000
2021,appropriations,Energy & Water,DOE,Office of Technology Transitions (OTT),Energy Program for Innovation Clusters (EPIC),https://www.energy.gov/technologytransitions/energy-program-innovation-clusters,089-0346-0-1-276-0010,5000,Energy Program for Innovation Clusters,The Energy Program for Innovation Clusters (EPIC) implements a competitive funding program for incubators supporting energy innovation clusters.,5000,"DOE FY22 Congressional Budget Justification Volume 2, Page 207-8; DOE FY23 Congressional Budget Justification Office of Technology Transitions (no page number)",5000,5000,,,,,,714,714,714,714,714,714,714,,5000,,
2021,appropriations,Energy & Water,DOE,Electricity,Transmission Reliability and Resilience,,089-0318-0-1-271-0011,48220,Transmission Reliability and Resilience,The Transmission Reliability and Resilience subprogram focuses developing transmission system tools and data analytics to inform planning and operational decisions that maintain and improve system reliability while accelerating the integration of renewable energy for the electricity industry.,48220,FY22 Budget Request Volume 3 Part 1 Page 17,48220,48220,,,,,,,48220,,,,,,,48220,,
2021,appropriations,Energy & Water,DOE,Electricity,Resilient Distribution Systems,,089-0318-0-1-271-0012,50000,Resilient Distribution Systems,"The Resilient Distribution Systems subprogram focuses developing transformative technologies, tools, and techniques to enable industry to modernize electricity distribution.",50000,FY22 Budget Request Volume 3 Part 1 Page 24,50000,50000,,,,,,,25000,25000,,,,,,48220,,
2021,appropriations,Energy & Water,DOE,Electricity,Energy Storage,,089-0318-0-1-271-0014,80000,Research,The Research subprogram within the Energy Storage program supports R&D on the performance and reliability of novel energy storage technologies and advance large-scale deployment of storage technologies into grid infrastructure.,57000,FY22 Budget Request Volume 3 Part 1 Page 30,57000,57000,,,,,,,57000,,,,,,,57000,,
2021,appropriations,Energy & Water,DOE,Electricity,Energy Storage,,089-0318-0-1-271-0014,80000,Construction (Grid Storage Launchpad),The Energy Storage program provides funding for the construction of Grid Storage Launchpad facility for R&D focused on grid scale energy storage.,23000,FY22 Budget Request Volume 3 Part 1 Page 30,23000,23000,,,,,,,23000,,,,,,,23000,,
2021,appropriations,Energy & Water,DOE,Electricity,Transformer Resilience and Advanced Components,,089-0318-0-1-271-0015,7500,Transformer Resilience and Advanced Components,"The Transformer Resilience and Advanced Components program develops innovations for grid hardware carrying, controlling, and converting electricity for the purpose of achieving electric grid decarbonization goals, ensuring reliability and resilience, and modernizing the electric deilivery system to withstand the effects of climate change and support a changing mix of electricity generation.",7500,FY22 Budget Request Volume 3 Part 1 Page 47,3750,3750,,,,,,,3750,,,,,,,3750,,
2021,appropriations,Energy & Water,DOE,Electricity,Transmission Permitting and Technical Assistance Program,,089-0318-0-1-271-0030,7000,Transmission Permitting and Technical Assistance Program,"The Transmission Permitting and Technical Assistance Program supports activities with Federal, State, and industry partners to modernize the grid and ensure equitable and adequate transmission capacity across the United States to achieve 100% carbon-free electricity by 2035.",7000,FY22 Budget Request Volume 3 Part 1 Page 57,7000,7000,,,,,,,7000,,,,,,,,,7000
2021,appropriations,Energy & Water,DOE,EERE,Vehicle Technologies,https://www.energy.gov/eere/vehicles/vehicle-technologies-office,089-0321-0-1-270-0001,400000,Battery and Electrification Technologies,"The Battery and Electrification Technologies subprogram supports R&D across energy storage and electrification including the discovery of alternative lithium battery materials, processing for raw materials, development of advanced battery cells, discovery of innovative cell manufacturing techniques, battery recycling, and electric vehicle charging infrastructure.",178700,DOE FY22 Budget Request Volume 3 Part 1; Page 207,178700,,178700,,,,,,,178700,,,,,,178700,,
2021,appropriations,Energy & Water,DOE,EERE,Vehicle Technologies,https://www.energy.gov/eere/vehicles/vehicle-technologies-office,089-0321-0-1-270-0001,400000,Advanced Engine and Fuel Technologies,"The Advanced Engine and Fuel Technologies subprogram  suuport R&D for engines that can utilize renewable fuels, such as renewable natural gas and hydrogen, and e-fuels.",70000,DOE FY22 Budget Request Volume 3 Part 1; Page 207,70000,,70000,,,,,,,,70000,,,,,70000,,
2021,appropriations,Energy & Water,DOE,EERE,Vehicle Technologies,https://www.energy.gov/eere/vehicles/vehicle-technologies-office,089-0321-0-1-270-0001,400000,Materials Technology,"The Materials Technology subprogram supports the Vehicle Technologies Office through research, development, and deployment to increase recyclability and reduce the overall embodied energy of vehicles.",40000,DOE FY22 Budget Request Volume 3 Part 1; Page 207,40000,,40000,,,,,,,20000,,,,,20000,40000,,
2021,appropriations,Energy & Water,DOE,EERE,Vehicle Technologies,https://www.energy.gov/eere/vehicles/vehicle-technologies-office,089-0321-0-1-270-0001,400000,Energy Efficient Mobility Systems,The Energy Efficient Mobility Systems subprogram supports  RD&D to assess system-level energy productivity impacts from future mobility technologies and transportation systems and to develop clean energy mobility solutions for underserved and energy communities.,45000,DOE FY22 Budget Request Volume 3 Part 1; Page 208,45000,,45000,,,,,,,45000,,,,,,22500,22500,
2021,appropriations,Energy & Water,DOE,EERE,Vehicle Technologies,https://www.energy.gov/eere/vehicles/vehicle-technologies-office,089-0321-0-1-270-0001,400000,Technology Integration,"The Technology Integration subprogram works to address the barriers to plug-in electric vehicle (PEV) deployment, especially in underserved communities.",60300,DOE FY22 Budget Request Volume 3 Part 1; Page 208,60300,,60300,,,,,,,60300,,,,,,,30150,30150
2021,appropriations,Energy & Water,DOE,EERE,Vehicle Technologies,https://www.energy.gov/eere/vehicles/vehicle-technologies-office,089-0321-0-1-270-0001,400000,"Data, Modeling, and Analysis","The Data, Modeling, and Analysis subprogram of the VTO provides critical information and analyses to prioritize and inform Vehicle Technologies research portfolio planning.",6000,DOE FY22 Budget Request Volume 3 Part 1; Page 208,6000,,6000,,,,,,,2000,2000,,,,2000,6000,,
2021,appropriations,Energy & Water,DOE,EERE,Bioenergy Technologies,https://www.energy.gov/eere/bioenergy/bioenergy-technologies-office,089-0321-0-1-270-0002,255000,Feedstock Technologies,The Feedstock Technologies subprogram supports industry as  as they develop sustainable conversion-ready feedstocks for bioenergy applications to meet the needs of a decarbonized fuel and agriculture sector.,40000,DOE FY22 Budget Request Volume 3 Part 1; Page 242,40000,,13333,13333,13333,,,,,,40000,,,,,40000,,
2021,appropriations,Energy & Water,DOE,EERE,Bioenergy Technologies,https://www.energy.gov/eere/bioenergy/bioenergy-technologies-office,089-0321-0-1-270-0002,255000,Advanced Algal Systems,"The Advanced Algal Systems subprogram supports R&D of algal biomass production and logistics systems, as well as R&D on processes to convert algal biomass to biofuels and co-products.",40000,DOE FY22 Budget Request Volume 3 Part 1; Page 245,40000,10000,10000,10000,10000,,,,,,40000,,,,,40000,,
2021,appropriations,Energy & Water,DOE,EERE,Bioenergy Technologies,https://www.energy.gov/eere/bioenergy/bioenergy-technologies-office,089-0321-0-1-270-0002,255000,Conversion Technologies,The Conversion Technologies subprogram pursues applied R&D to support industry efforts to demonstrate and deploy technologies for converting biomass feedstocks into “drop-in” biofuels and co-produced bioproducts.,110000,DOE FY22 Budget Request Volume 3 Part 1; Page 247,110000,,36667,36667,36667,,,,,,110000,,,,,36667,36667,36667
2021,appropriations,Energy & Water,DOE,EERE,Bioenergy Technologies,https://www.energy.gov/eere/bioenergy/bioenergy-technologies-office,089-0321-0-1-270-0002,255000,System Development and Integration,"The System Development and Integration subprogram focuses on RD&D to to scale-up of integrated biorefinery systems for the production of biofuels, biopower, and bioproducts, with an emphasis on sustainable aviation fuels.",55500,DOE FY22 Budget Request Volume 3 Part 1; Page 253,55500,18500,18500,18500,,,,,,,55500,,,,,18500,18500,18500
2021,appropriations,Energy & Water,DOE,EERE,Bioenergy Technologies,https://www.energy.gov/eere/bioenergy/bioenergy-technologies-office,089-0321-0-1-270-0002,255000,"Data, Modeling, and Analysis","The Data, Modeling, and Analysis subprogram provides critical information and analyses to prioritize and inform the Bioenergy Technologies Offiice's research portfolio planning.",9500,DOE FY22 Budget Request Volume 3 Part 1; Page 256,9500,2375,2375,2375,2375,,,,,,9500,,,,,9500,,
2021,appropriations,Energy & Water,DOE,EERE,Hydrogen and Fuel Cell Technologies,https://www.energy.gov/eere/fuelcells/hydrogen-and-fuel-cell-technologies-office,089-0321-0-1-270-0003,150000,Fuel Cell Technologies,"The Fuel Cell Technologies subprogram works on applied fuel cell component and systems RD&D to enable fuel cells to be competitive with incumbent and other advanced technologies, with a focus on transportation, stationary power, and other industry applications.",25000,DOE FY22 Budget Request Volume 3 Part 1; Page 265,25000,8333,8333,8333,,,,,,,25000,,,,,12500,12500,
2021,appropriations,Energy & Water,DOE,EERE,Hydrogen and Fuel Cell Technologies,https://www.energy.gov/eere/fuelcells/hydrogen-and-fuel-cell-technologies-office,089-0321-0-1-270-0003,150000,Hydrogen Technologies,"The Hydrogen Technologies subprogram supports RD&D to enable low-cost hydrogen production, storage, and infrastructure technologies.",71000,DOE FY22 Budget Request Volume 3 Part 1; Page 269,71000,23667,23667,23667,,,,,,,71000,,,,,35500,35500,
2021,appropriations,Energy & Water,DOE,EERE,Hydrogen and Fuel Cell Technologies,https://www.energy.gov/eere/fuelcells/hydrogen-and-fuel-cell-technologies-office,089-0321-0-1-270-0003,150000,Systems Development & Integration,"The Systems Development & Integration subprogram focuses on technology acceleration, including integrating, developing, and demonstrating hydrogen end use to expedite the commercialization of hydrogen and fuel cell systems",51000,DOE FY22 Budget Request Volume 3 Part 1; Page 273,51000,17000,17000,17000,,,,,,,51000,,,,,,25500,25500
2021,appropriations,Energy & Water,DOE,EERE,Hydrogen and Fuel Cell Technologies,https://www.energy.gov/eere/fuelcells/hydrogen-and-fuel-cell-technologies-office,089-0321-0-1-270-0003,150000,"Data, Modeling, and Analysis","The Data, Modeling, and Analysis subprogram provides critical information and analyses to prioritize and inform the Hydrogen and Fuel Cell Office's future research and portfolio planning.",3000,DOE FY22 Budget Request Volume 3 Part 1; Page 277,3000,1000,1000,1000,,,,,,,3000,,,,,3000,,
2021,appropriations,Energy & Water,DOE,EERE,Solar Energy Technologies,https://www.energy.gov/eere/solar/solar-energy-technologies-office,089-0321-0-1-270-0101,280000,Concentrating Solar Power Technologies,The Concentrating Solar Power Technologies subprogram works toward decarbonization of the electric power and industrial sectors by supporting RD&D for use of solar technologies as electricity or for direct use in an industrial process.,60000,DOE FY22 Budget Request Volume 3 Part 1; Page 285,60000,30000,,30000,,,,,30000,30000,,,,,,30000,30000,
2021,appropriations,Energy & Water,DOE,EERE,Solar Energy Technologies,https://www.energy.gov/eere/solar/solar-energy-technologies-office,089-0321-0-1-270-0101,280000,Photovoltaic Technologies,"The Photovoltaic Technologies subprogram focuses on R&D to advance advance state-of-the-art and emerging PV cells, modules, systems, and their components, spanning work from early-stage solar cell research up to commercialization.",72000,DOE FY22 Budget Request Volume 3 Part 1; Page 290,72000,72000,,,,,,,72000,,,,,,,24000,24000,24000
2021,appropriations,Energy & Water,DOE,EERE,Solar Energy Technologies,https://www.energy.gov/eere/solar/solar-energy-technologies-office,089-0321-0-1-270-0101,280000,Systems Integration,The Systems Integration subprogram focuses on RD&D for technologies to better enable solar to support the US electric power system and addresses the key technical challenges in solar grid integration.,53000,DOE FY22 Budget Request Volume 3 Part 1; Page 293,53000,53000,,,,,,,53000,,,,,,,17667,17667,17667
2021,appropriations,Energy & Water,DOE,EERE,Solar Energy Technologies,https://www.energy.gov/eere/solar/solar-energy-technologies-office,089-0321-0-1-270-0101,280000,Balance of Systems Soft Cost Reduction,"The Balance of Systems Soft Cost Reduction subprogram focuses on reducing ""soft costs"" of solar eletricity, including: siting, permitting, inspection, and interconnection requirements.",35000,DOE FY22 Budget Request Volume 3 Part 1; Page 297,35000,35000,,,,,,,35000,,,,,,,,,35000
2021,appropriations,Energy & Water,DOE,EERE,Solar Energy Technologies,https://www.energy.gov/eere/solar/solar-energy-technologies-office,089-0321-0-1-270-0101,280000,Manufacturing and Competitiveness,The Manufacturing and Competitiveness subprogram supports entrepreneurs and companies increasing domestic content in PV hardware and innovative technologies to increase US competitiveness in solar energy manufacturing.,60000,DOE FY22 Budget Request Volume 3 Part 1; Page 302,60000,30000,,30000,,,,,60000,,,,,,,20000,20000,20000
2021,appropriations,Energy & Water,DOE,EERE,Wind Energy Technologies,https://www.energy.gov/eere/wind/wind-energy-technologies-office,089-0321-0-1-270-0102,110000,Offshore Wind,"The Offshore Wind subprogram promotes the development of U.S. offshore wind research resources through research, technology development, and enabling activities, such as workforce development, all aimed at reducing costs and other barriers to offshore wind development",63200,DOE FY22 Budget Request Volume 3 Part 1; Page 311,63200,63200,,,,,,,63200,,,,,,,21067,21067,21067
2021,appropriations,Energy & Water,DOE,EERE,Wind Energy Technologies,https://www.energy.gov/eere/wind/wind-energy-technologies-office,089-0321-0-1-270-0102,110000,Land-Based Wind,The Land-Based Wind subprogram emphasizes efforts to reduce the cost of wind energy and develop solutions to an array of siting and environmental concerns associated with land-based wind energy development confronting the vast majority of the U.S. wind resource.,31800,DOE FY22 Budget Request Volume 3 Part 1; Page 318,31800,31800,,,,,,,31800,,,,,,,10600,10600,10600
2021,appropriations,Energy & Water,DOE,EERE,Wind Energy Technologies,https://www.energy.gov/eere/wind/wind-energy-technologies-office,089-0321-0-1-270-0102,110000,Distributed Wind,The Distributed Wind subprogram focuses on achieving breakthroughs in reducing the levelized cost of energy (LCOE) and invests in activities to reduce soft costs of wind energy.,10000,DOE FY22 Budget Request Volume 3 Part 1; Page 324,10000,10000,,,,,,,10000,,,,,,,5000,,5000
2021,appropriations,Energy & Water,DOE,EERE,Wind Energy Technologies,https://www.energy.gov/eere/wind/wind-energy-technologies-office,089-0321-0-1-270-0102,110000,Grid Integration & Analysis,"The Grid Integration and Analysis subprogram aims to enable cost-effective, cyber-secure, reliable, and resilient operation of the energy system with increasing levels of wind in all regions",5000,DOE FY22 Budget Request Volume 3 Part 1; Page 327,5000,5000,,,,,,,5000,,,,,,,,,5000
2021,appropriations,Energy & Water,DOE,EERE,Water Power Technologies,https://www.energy.gov/eere/water/water-power-technologies-office,089-0321-0-1-270-0103,150000,Hydropower Technologies,"The Hydropower Technologies subprogram aims to  support the U.S. hydropower and pumped-storage industry to modernize hydropower technologies, develop new low-impact hydropower, integrate into the elecltric system, and support energy-water systems resilience.",41000,DOE FY22 Budget Request Volume 3 Part 1; Page 336,41000,41000,,,,,,,41000,,,,,,,41000,,
2021,appropriations,Energy & Water,DOE,EERE,Water Power Technologies,https://www.energy.gov/eere/water/water-power-technologies-office,089-0321-0-1-270-0103,150000,Marine Energy Technologies,"The Marian Energy Technologies subprogram works to demonstrate that marine energy technologies also have the potential to provide cost-effective energy for emerging at-sea and coastal distributed applications, including power for remote coastal communities with high electricity costs, charging for ocean-based sensors and underwater vehicles, and non-electric uses like desalination.",109000,DOE FY22 Budget Request Volume 3 Part 1; Page 334,109000,109000,,,,,,,109000,,,,,,,54500,54500,
2021,appropriations,Energy & Water,DOE,EERE,Geothermal Technologies,https://www.energy.gov/eere/geothermal/geothermal-technologies-office,089-0321-0-1-270-0104,106000,Enhanced Geothermal Systems,The Enhanced Geothermal Systems subprogram's  main focus is to gain an evidence-based understanding of technical challenges surrounding geothermal energy and strengthening the body of EGS knowledge.,65000,DOE FY22 Budget Request Volume 3 Part 1; Page 355,65000,21667,,21667,,21667,,,32500,,,,,,32500,65000,,
2021,appropriations,Energy & Water,DOE,EERE,Geothermal Technologies,https://www.energy.gov/eere/geothermal/geothermal-technologies-office,089-0321-0-1-270-0104,106000,Hydrothermal Resources,"The Hydrothermal Resources subprogram aims to lower costs and risks throughout the lifecycle of a hydrothermal project to bring more hydrothermal power on line: from exploration and resource confirmation, to drilling and field development, to reservoir management over multi-decadal timescales.",20000,DOE FY22 Budget Request Volume 3 Part 1; Page 362,20000,6667,,6667,,6667,,,10000,,,,,,10000,20000,,
2021,appropriations,Energy & Water,DOE,EERE,Geothermal Technologies,https://www.energy.gov/eere/geothermal/geothermal-technologies-office,089-0321-0-1-270-0104,106000,Low Temperature and Coproduced Resources,The Low Temperature and Coproduced Resources subprogram supports targeted research on technologies applicable to geothermal resources below a temperature of 300°F (150°C) as well as geothermal resources.,15000,DOE FY22 Budget Request Volume 3 Part 1; Page 369,15000,7500,,,,7500,,,7500,,,,,,7500,7500,7500,
2021,appropriations,Energy & Water,DOE,EERE,Geothermal Technologies,https://www.energy.gov/eere/geothermal/geothermal-technologies-office,089-0321-0-1-270-0104,106000,"Data, Modeling, and Analysis","The goal of the Data, Modeling, and Analysis subprogram is to identify and address barriers to geothermal adoption in the U. S. and validate and assess technical progress across the geothermal sector primarily to inform the direction and prioritization of early-stage R&D.",6000,DOE FY22 Budget Request Volume 3 Part 1; Page 374,6000,2000,,2000,,2000,,,3000,,,,,,3000,6000,,
2021,appropriations,Energy & Water,DOE,EERE,Advanced Manufacturing,https://www.energy.gov/eere/amo/advanced-manufacturing-office,089-0321-0-1-270-0201,360000,Materials,The Materials subprogram will focus on domestic availability of materials for energy systems and developing novel materials with improved properties and reduced life cycle energy and carbon impacts that will enable decarbonization and a circular economy.,80559,DOE FY22 Budget Request Volume 3 Part 1; Page 386,80559,,,80559,,,,16112,16112,16112,16112,,,,16112,40280,,40280
2021,appropriations,Energy & Water,DOE,EERE,Advanced Manufacturing,https://www.energy.gov/eere/amo/advanced-manufacturing-office,089-0321-0-1-270-0201,360000,Manufacturing Innovations,The Manufacturing Innovations subprogram  will focus on improving energy efficiency while enabling significant decarbonization of manufacturing processes and operations and advancing new manufacturing approaches and technologies.,233644,DOE FY22 Budget Request Volume 3 Part 1; Page 389,233644,,,233644,,,,58411,,58411,58411,,,,58411,116822,116822,
2021,appropriations,Energy & Water,DOE,EERE,Advanced Manufacturing,https://www.energy.gov/eere/amo/advanced-manufacturing-office,089-0321-0-1-270-0201,360000,Energy Systems,"The Energy Systems subprogram will focus on both manufacturing RDD&D advances for energy conversion, utilization, and storage technologies used across all sectors and innovative use of these energy system technologies within industrial facilities.",46500,DOE FY22 Budget Request Volume 3 Part 1; Page 393,46500,15500,15500,15500,,,,23250,,,,,,,23250,15500,15500,15500
2021,appropriations,Energy & Water,DOE,EERE,Advanced Manufacturing,https://www.energy.gov/eere/amo/advanced-manufacturing-office,089-0321-0-1-270-0201,360000,Manufacturing Enterprise,"The Manufactruing Enterprise subprogram will focus on enabling value chains to be nimble, responsive, and adaptive to disruption, change and opportunity; making knowledge and transformational tools accessible across manufacturing organizations; and developing the future manufacturing workforce.",35297,DOE FY22 Budget Request Volume 3 Part 1; Page 396,35297,,,35297,,,,35297,,,,,,,,,,35297
2021,appropriations,Energy & Water,DOE,EERE,Federal Energy Management Program,https://www.energy.gov/eere/femp/federal-energy-management-program,089-0321-0-1-270-0204,40000,Federal Energy Management Program,"The Federal Energy Management Program’s (FEMP) priority is to help Federal agencies advance the energy efficiency and resilience of their operations, while addressing climate change, increasing electrification, and minimizing the carbon footprint",,DOE FY22 Budget Request Volume 3 Part 1; Page 404,40000,20000,,,,20000,,13333,13333,13333,,,,,,,,40000
2021,appropriations,Energy & Water,DOE,EERE,Building Technologies,https://www.energy.gov/eere/buildings/building-technologies-office,089-0321-0-1-270-0202,290000,Emerging Technologies,"The Emerging Technology (ET) program sponsors applied R&D and demonstration in energy-efficient, demand-flexible low- carbon building technologies, enabling innovation and job creation in a range of U.S. industries from building design, construction, and renovation to building equipment and component manufacturing to building commissioning and operation.",145000,DOE FY22 Budget Request Volume 3 Part 1; Page 418,145000,,,,,145000,,72500,,72500,,,,,,72500,72500,
2021,appropriations,Energy & Water,DOE,EERE,Building Technologies,https://www.energy.gov/eere/buildings/building-technologies-office,089-0321-0-1-270-0202,290000,Commercial Buildings Integration,"The Commercial Buildings Integration (CBI) program advances a range activities with innovative building technologies; emphasizing solutions that do not sacrifice the productivity or comfort of building occupants or the performance of labor-saving devices, appliances, and equipment and paving the way for the voluntary integration of cost-effective technologies to produce high-performing commercial buildings.",50000,DOE FY22 Budget Request Volume 3 Part 1; Page 424,50000,,,,,50000,,25000,,25000,,,,,,,25000,25000
2021,appropriations,Energy & Water,DOE,EERE,Building Technologies,https://www.energy.gov/eere/buildings/building-technologies-office,089-0321-0-1-270-0202,290000,Residential Buildings Integration,"The Residential Buildings Integration subprogram focuses on developing efficiency-related building technologies that require minimal onsite construction and installation time, are affordable and appealing to the market, and leverage efforts to increase the productivity of the building construction industry.",40000,DOE FY22 Budget Request Volume 3 Part 1; Page 424,40000,,,,,40000,,40000,,,,,,,,20000,20000,
2021,appropriations,Energy & Water,DOE,EERE,Building Technologies,https://www.energy.gov/eere/buildings/building-technologies-office,089-0321-0-1-270-0202,290000,Equipment and Buildings Standards: Appliance and Equipment Standards Program (ASP),The Appliance and Equipment Standards program is focuses on developing and establishing appliance/equipment energy efficiency standards for the purpose of saving the Nation energy.,45000,DOE FY22 Budget Request Volume 3 Part 1; Page 430,45000,,,,,45000,,45000,,,,,,,,,,45000
2021,appropriations,Energy & Water,DOE,EERE,Building Technologies,https://www.energy.gov/eere/buildings/building-technologies-office,089-0321-0-1-270-0202,290000,Equipment and Buildings Standards: Building Energy Codes Program (BECP),"The Building Energy Codes Program (BECP)  supports the advancement of aggressive building energy codes, including participating in processes to update model energy codes, making a formal determination as to whether new editions increase energy efficiency in residential and commercial buildings, and providing technical assistance to states and local governments to support code implementation.",10000,DOE FY22 Budget Request Volume 3 Part 1; Page 430,10000,,,,,10000,,10000,,,,,,,,,,10000
2021,appropriations,Energy & Water,DOE,EERE,Weatherization and Intergovernmental Programs,https://www.energy.gov/eere/wipo/weatherization-and-intergovernmental-programs-office,089-0321-0-1-270-0203,377500,Weatherization Assistance Program,"The Weatherization Assistance Program (WAP) aims to increase the energy efficiency of dwellings owned or occupied by low-income persons, reduce their total residential energy expenditures, and improve their health and safety.",315000,DOE FY22 Budget Request Volume 3 Part 1; Page 443,315000,,,,,315000,,315000,,,,,,,,,,315000
2021,appropriations,Energy & Water,DOE,EERE,Weatherization and Intergovernmental Programs,https://www.energy.gov/eere/wipo/weatherization-and-intergovernmental-programs-office,089-0321-0-1-270-0203,377500,State Energy Program,"The State Energy Program (SEP)  engages the leadership of states in deploying clean energy technologies across the U.S, establishing and implementing clean energy policies, plans, and programs to reduce energy costs, enhance economic competitiveness,and more.",62500,DOE FY22 Budget Request Volume 3 Part 1; Page 446,62500,15625,15625,15625,,15625,,20833,20833,20833,,,,,,,,62500
2021,appropriations,Energy & Water,DOE,Nuclear,Integrated University Program,https://www.energy.gov/ne/nuclear-energy-university-program,089-0319-0-1-999-0042,5000,Integrated University Program,"The Integrated University Program engages U.S. colleges and universities to conduct research and development (R&D), enhance infrastructure, and support student education, thereby helping to sustain a world-class nuclear energy and workforce capability.",5000,FY22 Budget Request Volume 3 Part 2 Page 14,5000,5000,,,,,,,5000,,,,,,,5000,,
2021,appropriations,Energy & Water,DOE,Nuclear,Supercritical Transformational Electric Power Research and Development (STEP R&D),https://www.energy.gov/ne/articles/energy-department-announces-new-investments-supercritical-transformational-electric,089-0319-0-1-999-0502,5000,Supercritical Transformational Electric Power Research and Development,The Supercritical Transformational Electric Power Research and Development (STEP R&D) initiative was a collaborative  project to develop and scale-up advanced Supercritical Carbon Dioxide (sCO2) Brayton cycle energy conversion technology to facilitate commercial development.,5000,FY22 Budget Request Volume 3 Part 2 Page 17,5000,5000,,,,,,,5000,,,,,,,5000,,
2021,appropriations,Energy & Water,DOE,Nuclear,"Reactor Concepts Research, Development and Demonstration (RD&D)",,089-0319-0-1-999-0032,208000,Advanced Small Modular Reactor RD&D,"The Advanced Small Modular Reactor (SMR) Research, Development and Demonstration (RD&D) subprogram supports the development of advanced SMR designs support R&D to assist in maturing concepts toward commercial readiness.",115000,FY22 Budget Request Volume 3 Part 2 Page 25,115000,115000,,,,,,,115000,,,,,,,57500,57500,
2021,appropriations,Energy & Water,DOE,Nuclear,"Reactor Concepts Research, Development and Demonstration (RD&D)",,089-0319-0-1-999-0032,208000,Light Water Reactor Sustainability,"The Light Water Reactor Sustainability (LWRS) subprogram conducts research and development (R&D) on technologies and other solutions that can improve economics, sustain safety, and maintain the technical reliability of the current domestic fleet of commercial nuclear power plants.",47000,FY22 Budget Request Volume 3 Part 2 Page 27,47000,47000,,,,,,,47000,,,,,,,47000,,
2021,appropriations,Energy & Water,DOE,Nuclear,"Reactor Concepts Research, Development and Demonstration (RD&D)",,089-0319-0-1-999-0032,208000,Advanced Reactor Technologies,The Advanced Reactor Technologies (ART) subprogram conducts essential research and development activities to reduce technical risks associated with advanced reactor technologies and systems.,46000,FY22 Budget Request Volume 3 Part 2 Page 29,46000,46000,,,,,,,46000,,,,,,,46000,,
2021,appropriations,Energy & Water,DOE,Nuclear,Fuel Cycle Research and Development,,089-0319-0-1-999-0041,309300,Material Recovery and Waste Form Development,"The Material Recovery and Waste Form Development (MRWFD) subprogram focuses on advanced fuel cycle technologies that have the potential to improve resource utilization and energy generation, reduce waste generation, and limit proliferation risk.",25000,FY22 Budget Request Volume 3 Part 2 Page 38,25000,25000,,,,,,,25000,,,,,,,25000,,
2021,appropriations,Energy & Water,DOE,Nuclear,Fuel Cycle Research and Development,,089-0319-0-1-999-0041,309300,"Mining, Conversion, and Transportation","This subprogram supports, cost-shared R&D that enables technological advances in uranium mining, conversion, and transportation capabilities in the US as well as the conducting evaluations and assessments related to these areas.",2000,FY22 Budget Request Volume 3 Part 2 Page 40,2000,2000,,,,,,,2000,,,,,,,2000,,
2021,appropriations,Energy & Water,DOE,Nuclear,Fuel Cycle Research and Development,,089-0319-0-1-999-0041,309300,Civil Nuclear Enrichment,"The Civil Nuclear Enrichment subprogram was a limited scope project focused on the demonstration of a U.S. origin, enrichment technology for producing high-assay, low enriched uranium (HALEU).",40000,FY22 Budget Request Volume 3 Part 2 Page 42,40000,40000,,,,,,,40000,,,,,,,,40000,
2021,appropriations,Energy & Water,DOE,Nuclear,Fuel Cycle Research and Development,,089-0319-0-1-999-0041,309300,Accident Tolerant Fuels,The subprogram mission is  to explore advanced LWR fuel with enhanced accident tolerance to benefit existing U.S. commercial nuclear power reactors.,105800,FY22 Budget Request Volume 3 Part 2 Page 46,105800,105800,,,,,,,105800,,,,,,,105800,,
2021,appropriations,Energy & Water,DOE,Nuclear,Fuel Cycle Research and Development,,089-0319-0-1-999-0041,309300,TRISO Fuel and Graphite Qualification,"The Tristructural-isotropic (TRISO)-coated particle fuel and graphite subprogram includes activities for fuel and material irradiation, post-irradiation examination (PIE) and safety testing, fuel performance modeling, and fission product transport and source term research.",36000,FY22 Budget Request Volume 3 Part 2 Page 48,36000,36000,,,,,,,36000,,,,,,,36000,,
2021,appropriations,Energy & Water,DOE,Nuclear,Fuel Cycle Research and Development,,089-0319-0-1-999-0041,309300,Fuel Cycle Core R&D,"This subprogram supports innovative research activities that advance the knowledge base for nuclear fuel cycles and provide transformative changes to accelerate development of civil nuclear technologies, including consideration of fuel cycle impacts from the potential deployment of advanced reactor technologies.",20000,FY22 Budget Request Volume 3 Part 2 Page 53,20000,20000,,,,,,,20000,,,,,,,20000,,
2021,appropriations,Energy & Water,DOE,Nuclear,Fuel Cycle Research and Development,,089-0319-0-1-999-0041,309300,Used Nuclear Fuel Disposition R&D,"The Used Nuclear Fuel Disposition Research and Development (R&D) subprogram conducts scientific research and technology development to enable long term storage, transportation, and disposal of spent nuclear fuel and wastes.",62500,FY22 Budget Request Volume 3 Part 2 Page 52,62500,62500,,,,,,,62500,,,,,,,62500,,
2021,appropriations,Energy & Water,DOE,Nuclear,Fuel Cycle Research and Development,,089-0319-0-1-999-0041,309300,Integrated Waste Management System,"The Integrated Waste Management System subprogram supports efforts develop and implement a consent-based interim storage program as part of an overarching waste management system, as well as storage, transportation, and system development and analysis activities.",18000,FY22 Budget Request Volume 3 Part 2 Page 58,18000,9000,,9000,,,,,18000,,,,,,,6000,6000,6000
2021,appropriations,Energy & Water,DOE,Nuclear,Nuclear Energy Enabling Technologies,,089-0319-0-1-999-0043,122869,Crosscutting Technology Development,"The Crosscutting Technology Development (CTD) subprogram develops innovative solutions to crosscutting nuclear energy technology challenges, largely through competitively awarded research and development (R&D) projects with United States (U.S.) industry, universities, and national laboratory partners.",28000,FY22 Budget Request Volume 3 Part 2 Page 66,28000,28000,,,,,,,14000,,,,,,14000,28000,,
2021,appropriations,Energy & Water,DOE,Nuclear,Nuclear Energy Enabling Technologies,,089-0319-0-1-999-0043,122869,Joint Modeling and Simulation Program,"The Joint Modeling and Simulation subprogram, as implemented through the Nuclear Energy Advanced Modeling and Simulation (NEAMS) program, develops state-of-the-art, multi-scale models of physics and chemistry that drive advanced computational methods for simulations of advanced nuclear energy systems.",35000,FY22 Budget Request Volume 3 Part 2 Page 67,35000,35000,,,,,,,35000,,,,,,,11667,11667,11667
2021,appropriations,Energy & Water,DOE,Nuclear,Nuclear Energy Enabling Technologies,,089-0319-0-1-999-0043,122869,Nuclear Science User Facilities,The Nuclear Science User Facilities (NSUF) subprogram is the Nation’s designated program to gain access to user facilities for nuclear energy research,30000,FY22 Budget Request Volume 3 Part 2 Page 68,30000,30000,,,,,,,30000,,,,,,,30000,,
2021,appropriations,Energy & Water,DOE,Nuclear,Nuclear Energy Enabling Technologies,,089-0319-0-1-999-0043,122869,Transformational Challenge Reactor,The Transformational Challenge Reactor (TCR) subprogram provided a revolutionary platform to help demonstrate the ability to reduce the deployment costs and timelines for nuclear energy systems and enhanced the development of breakthrough technologies.,29869,FY22 Budget Request Volume 3 Part 2 Page 71,29869,29869,,,,,,,29869,,,,,,,,29869,
2021,appropriations,Energy & Water,DOE,Nuclear,Advanced Reactor Demonstration Program,https://www.energy.gov/ne/advanced-reactor-demonstration-program,089-0319-0-1-999-0034,250000,National Reactor Innovation Center,The National Reactor Innovation Center (NRIC) mission is to enable and accelerate the testing and demonstration of advanced reactors by utilizing the unique capabilities of U.S. national laboratories.  NRIC provides private sector technology developers with access to the strategic infrastructure and assets of the national laboratories to enable advancements in nuclear technology.,30000,FY22 Budget Request Volume 3 Part 2 Page 79,30000,30000,,,,,,,30000,,,,,,,,30000,
2021,appropriations,Energy & Water,DOE,Nuclear,Advanced Reactor Demonstration Program,https://www.energy.gov/ne/advanced-reactor-demonstration-program,089-0319-0-1-999-0034,250000,Demonstration 1,These subprograms will begin to focus efforts on the eventual construction of two advanced reactor demonstrations that can be operational within seven years.,80000,FY22 Budget Request Volume 3 Part 2 Page 81,80000,80000,,,,,,,80000,,,,,,,,80000,
2021,appropriations,Energy & Water,DOE,Nuclear,Advanced Reactor Demonstration Program,https://www.energy.gov/ne/advanced-reactor-demonstration-program,089-0319-0-1-999-0034,250000,Demonstration 2,These subprograms will begin to focus efforts on the eventual construction of two advanced reactor demonstrations that can be operational within seven years.,80000,Same as above,80000,80000,,,,,,,80000,,,,,,,,80000,
2021,appropriations,Energy & Water,DOE,Nuclear,Advanced Reactor Demonstration Program,https://www.energy.gov/ne/advanced-reactor-demonstration-program,089-0319-0-1-999-0034,250000,Risk Reduction for Future Demonstrations,The Risk Reduction for Future Demonstrations subprogram supports the potential future demonstration of additional advanced reactor technologies and projects that are aimed at reducing risk and technical uncertainty for a broad range of advanced reactor designs.,40000,FY22 Budget Request Volume 3 Part 2 Page 84,40000,40000,,,,,,,40000,,,,,,,,40000,
2021,appropriations,Energy & Water,DOE,Nuclear,Advanced Reactor Demonstration Program,https://www.energy.gov/ne/advanced-reactor-demonstration-program,089-0319-0-1-999-0034,250000,Regulatory Development,The Regulatory Development subprogram coordinates with the Nuclear Regulatory Commission (NRC) and industry to address and resolve key regulatory framework issues that directly impact the “critical path” to advanced reactor demonstration and deployment.,15000,FY22 Budget Request Volume 3 Part 2 Page 85,15000,15000,,,,,,,15000,,,,,,,,,15000
2021,appropriations,Energy & Water,DOE,Nuclear,Advanced Reactor Demonstration Program,https://www.energy.gov/ne/advanced-reactor-demonstration-program,089-0319-0-1-999-0034,250000,Advanced Reactor Safeguards,The Advanced Reactor Safeguards subprogram evaluates safeguards and security issues that are unique to advanced reactor designs.,5000,FY22 Budget Request Volume 3 Part 2 Page 88,5000,5000,,,,,,,5000,,,,,,,,5000,
2021,appropriations,Energy & Water,DOE,Nuclear,Versatile Test Reactor Project,https://www.energy.gov/ne/versatile-test-reactor,089-0319-0-1-999-0402,45000,Other Project Costs,"This funding supports research and development, pre- authorization costs prior to start of preliminary design, plant support costs during design, construction, activation, and startup for the Versatile  Test Reactor Project.",43000,FY22 Budget Request Volume 3 Part 2 Page 93,43000,43000,,,,,,,43000,,,,,,,,43000,
2021,appropriations,Energy & Water,DOE,Nuclear,Versatile Test Reactor Project,https://www.energy.gov/ne/versatile-test-reactor,089-0319-0-1-999-0402,45000,"21-E-200, Versatile Test Reactor","This funding supports engineering design costs (preliminary and final design), facility construction costs, and other costs specifically related to those construction and the procurement of the  Versatile  Test Reactor Project's. components and hardware.",2000,FY22 Budget Request Volume 3 Part 2 Page 95,2000,2000,,,,,,,2000,,,,,,,,2000,
2021,appropriations,Energy & Water,DOE,"Fossil Energy and Carbon Management (FECM) Research, Development, Demonstration, and Deployment (RDD&D)","
Carbon Capture, Utilization and Storage and Power Systems: Carbon Capture",https://www.energy.gov/fecm/office-carbon-management-technologies,089-0213-0-1-271-0002,86300,Post-Combustion Capture Systems,The Post-Combustion Capture Systems research area tests components and plant design for carbon capture systems which remove CO2 after fuel is combusted.,73300,"DOE FY22 Congressional Budget Justification Volume 3 Part 2 Pages 187, 193, 212, 214",73300,36650,,36650,,,,,,,,73300,,,,36650,36650,
2021,appropriations,Energy & Water,DOE,"Fossil Energy and Carbon Management (FECM) Research, Development, Demonstration, and Deployment (RDD&D)","
Carbon Capture, Utilization and Storage and Power Systems: Carbon Capture",https://www.energy.gov/fecm/office-carbon-management-technologies,089-0213-0-1-271-0002,86300,Pre-Combustion Capture Systems,The Pre-Combustion Capture Systems research area focuses on removing more than 95% of CO2 from syngas prior to its combustion for power production or separating CO2 to produce hydrogen or other products.,10000,"DOE FY22 Congressional Budget Justification Volume 3 Part 2 Pages 187, 193, 212, 214",10000,5000,,5000,,,,,,,5000,5000,,,,3333,3333,3333
2021,appropriations,Energy & Water,DOE,"Fossil Energy and Carbon Management (FECM) Research, Development, Demonstration, and Deployment (RDD&D)","
Carbon Capture, Utilization and Storage and Power Systems: Carbon Capture",https://www.energy.gov/fecm/office-carbon-management-technologies,089-0213-0-1-271-0002,86300,Emissions Control,"The Emissions Control program focuses on reducing the costs and emissions of non-CO2 pollutants associated with the use, and combustion of carbon-containing fuels from power plants as well as industrial applications.",3000,"DOE FY22 Congressional Budget Justification Volume 3 Part 2 Pages 187, 193, 212, 215",3000,1500,,1500,,,,,,,,,3000,,,3000,,
2021,appropriations,Energy & Water,DOE,"Fossil Energy and Carbon Management (FECM) Research, Development, Demonstration, and Deployment (RDD&D)","
Carbon Capture, Utilization and Storage and Power Systems: Carbon Utilization",https://www.energy.gov/fecm/office-carbon-management-technologies,089-0213-0-1-271-0006,446800,Carbon Use and Reuse,"The Carbon Utilization program focuses on novel approaches to recycle carbon oxide (CO) emissions, principally CO2, into value-added products such as chemicals, fuels, and building products.",23000,"DOE FY22 Congressional Budget Justification Volume 3 Part 2 Pages 187, 184, 220, 222",23000,11500,,11500,,,,,,,,23000,,,,7667,7667,7667
2021,appropriations,Energy & Water,DOE,"Fossil Energy and Carbon Management (FECM) Research, Development, Demonstration, and Deployment (RDD&D)","
Carbon Capture, Utilization and Storage and Power Systems: Carbon Storage",https://www.energy.gov/fecm/office-carbon-management-technologies,089-0213-0-1-271-0003,79000,Storage Infrastructure,The Storage Infrastructure program focuses on broadening the availability of certified resources for geologic CO2 storage by deploying field projects that advance characterization and certification of storage complexes in regions where there is known storage capacity and regions where the storage resource potential is more prospective.,57500,"DOE FY22 Congressional Budget Justification Volume 3 Part 2  Pages 187, 184, 216-18",57500,28750,,28750,,,,,,,,57500,,,,19167,19167,19167
2021,appropriations,Energy & Water,DOE,"Fossil Energy and Carbon Management (FECM) Research, Development, Demonstration, and Deployment (RDD&D)","
Carbon Capture, Utilization and Storage and Power Systems: Carbon Storage",https://www.energy.gov/fecm/office-carbon-management-technologies,089-0213-0-1-271-0003,79000,Advanced Storage RDD&D,"The Advanced Storage RDD&D program is focused on developing and validating CO2 storage technologies that improve capabilities in plume detection, storage efficiency, secure storage verification, subsurface stress assessments, and wellbore integrity monitoring and mitigation.",15700,"DOE FY22 Congressional Budget Justification Volume 3 Part 2  Pages 187, 184, 217-18",15700,7850,,7850,,,,,,,,15700,,,,5233,5233,5233
2021,appropriations,Energy & Water,DOE,"Fossil Energy and Carbon Management (FECM) Research, Development, Demonstration, and Deployment (RDD&D)","
Carbon Capture, Utilization and Storage and Power Systems: Carbon Storage",https://www.energy.gov/fecm/office-carbon-management-technologies,089-0213-0-1-271-0003,79000,Sub-disciplinary Storage RDD&D,"The Sub-disciplinary Storage RDD&D program supports RDD&D activities on reservoir performance, applied monitoring, verification, accounting, and assessment technologies (MVAA), geomechanics, wellbore integrity, and risk assessment.",5800,"DOE FY22 Congressional Budget Justification Volume 3 Part 2  Pages 187, 184, 219",5800,2900,,2900,,,,,,,,5800,,,,1933,1933,1933
2021,appropriations,Energy & Water,DOE,"Fossil Energy and Carbon Management (FECM) Research, Development, Demonstration, and Deployment (RDD&D)","
Carbon Capture, Utilization and Storage and Power Systems: Advanced Energy and Hydrogen Systems",https://www.energy.gov/fecm/office-carbon-management-technologies,089-0213-0-1-271-0004,108100,Gasification Systems,The Gasification Systems program focuses on the gasification of biomass and waste feedstocks with CCUS.,19000,"DOE FY22 Congressional Budget Justification Volume 3 Part 2 Pages 187, 185, 195-6, 201",19000,19000,,,,,,,,,9500,9500,,,,6333,6333,6333
2021,appropriations,Energy & Water,DOE,"Fossil Energy and Carbon Management (FECM) Research, Development, Demonstration, and Deployment (RDD&D)","
Carbon Capture, Utilization and Storage and Power Systems: Advanced Energy and Hydrogen Systems",https://www.energy.gov/fecm/office-carbon-management-technologies,089-0213-0-1-271-0004,108100,Advanced Turbines,The advanced turbines program focuses on developing combustion turbines firing hydrogen blends and 100% hydrogen fuel or zero carbon fuels such as ammonia.,27000,"DOE FY22 Congressional Budget Justification Volume 3 Part 2  Pages 187, 185, 195, 201",27000,27000,,,,,,,,,27000,,,,,27000,,
2021,appropriations,Energy & Water,DOE,"Fossil Energy and Carbon Management (FECM) Research, Development, Demonstration, and Deployment (RDD&D)","
Carbon Capture, Utilization and Storage and Power Systems: Advanced Energy and Hydrogen Systems",https://www.energy.gov/fecm/office-carbon-management-technologies,089-0213-0-1-271-0004,108100,Reversible Solid Oxide Fuel Cells,The Reversible Solid Oxide Fuel Cells program focuses on the development of R-SOFCs that can produce power or hydrogen.,30000,"DOE FY22 Congressional Budget Justification Volume 3 Part 2  Pages 187, 185, 195, 202",30000,10000,10000,10000,,,,,,,30000,,,,,30000,,
2021,appropriations,Energy & Water,DOE,"Fossil Energy and Carbon Management (FECM) Research, Development, Demonstration, and Deployment (RDD&D)","
Carbon Capture, Utilization and Storage and Power Systems: Advanced Energy and Hydrogen Systems",https://www.energy.gov/fecm/office-carbon-management-technologies,089-0213-0-1-271-0004,108100,Advanced Energy Materials,"The Advanced Energy Materials program focuses on improving the flexibility and reliability of fossil power generation applications while enabling high efficiency, low-carbon performance and suppoerting a competitive U.S. industry base.",16100,"DOE FY22 Congressional Budget Justification Volume 3 Part 2 Pages 187, 185, 195, 201-202",16100,8050,,8050,,,,16100,,,,,,,,16100,,
2021,appropriations,Energy & Water,DOE,"Fossil Energy and Carbon Management (FECM) Research, Development, Demonstration, and Deployment (RDD&D)","
Carbon Capture, Utilization and Storage and Power Systems: Crosscutting Research",https://www.energy.gov/fecm/office-carbon-management-technologies,089-0213-0-1-271-0005,32900,"Sensors, Controls, and Other Novel Concepts","The Sensors, Controls, and Other Novel Concepts program funds early stage RDD&D efforts on low-cost, reliable technologies to measure process temperature, pressure, and concentration of gas species to improve efficiency of industrial processes.",8000,"DOE FY22 Congressional Budget Justification Volume 3 Part 2  Pages 187, 185, 205, 208",8000,4000,,4000,,,,8000,,,,,,,,2667,2667,2667
2021,appropriations,Energy & Water,DOE,"Fossil Energy and Carbon Management (FECM) Research, Development, Demonstration, and Deployment (RDD&D)","
Carbon Capture, Utilization and Storage and Power Systems: Crosscutting Research",https://www.energy.gov/fecm/office-carbon-management-technologies,089-0213-0-1-271-0005,32900,Water Management RDD&D,The Water Management RDD&D program advances sustainable and efficient water use in power generation; develops cost-competitive technology solutions; and enhances understanding of the life cycle relationship between energy and water resources.,7500,"DOE FY22 Congressional Budget Justification Volume 3 Part 2  Pages 187, 185, 205, 208",7500,7500,,,,,,2500,,,2500,2500,,,,2500,2500,2500
2021,appropriations,Energy & Water,DOE,"Fossil Energy and Carbon Management (FECM) Research, Development, Demonstration, and Deployment (RDD&D)","
Carbon Capture, Utilization and Storage and Power Systems: Crosscutting Research",https://www.energy.gov/fecm/office-carbon-management-technologies,089-0213-0-1-271-0005,32900,Simulation Based Engineering,The Simulation-Based Engineering program helps accelerate the development and deployment of zero-emission fossil fuel technologies through optimization methods for the design and operation of plants as well as through modeling of complex energy processes.,6200,"DOE FY22 Congressional Budget Justification Volume 3 Part 2  Pages 187, 185, 206, 208",6200,6200,,,,,,3100,,,,3100,,,,6200,,
2021,appropriations,Energy & Water,DOE,"Fossil Energy and Carbon Management (FECM) Research, Development, Demonstration, and Deployment (RDD&D)","
Carbon Capture, Utilization and Storage and Power Systems: Crosscutting Research",https://www.energy.gov/fecm/office-carbon-management-technologies,089-0213-0-1-271-0005,32900,Energy Analyses,"The Energy Analyses program indetifies major challenges and opportunities to improve efficiency, cost, and environmental performance to speed deployments of carbon management applications.",500,"DOE FY22 Congressional Budget Justification Volume 3 Part 2  Pages 187, 185, 206, 209",500,250,,250,,,,250,,,,250,,,,500,,
2021,appropriations,Energy & Water,DOE,"Fossil Energy and Carbon Management (FECM) Research, Development, Demonstration, and Deployment (RDD&D)","
Carbon Capture, Utilization and Storage and Power Systems: Crosscutting Research",https://www.energy.gov/fecm/office-carbon-management-technologies,089-0213-0-1-271-0005,32900,University Training and Research,The University Training and Research program focuses on developing the next generation of scientists and engineers to strengthen the energy and environmental science and engineering workforce with a focus on innovative investigations.,5050,"DOE FY22 Congressional Budget Justification Volume 3 Part 2  Pages 187, 185, 206, 209",5050,2525,,2525,,,,1683,1683,,,1683,,,,5050,,
2021,appropriations,Energy & Water,DOE,"Fossil Energy and Carbon Management (FECM) Research, Development, Demonstration, and Deployment (RDD&D)","
Carbon Capture, Utilization and Storage and Power Systems: Crosscutting Research",https://www.energy.gov/fecm/office-carbon-management-technologies,089-0213-0-1-271-0005,32900,International Activities,The International Activities program supports deploying U.S. technologies and resources to international markets seeking CCUS technologies and high efficiency power plants.,650,"DOE FY22 Congressional Budget Justification Volume 3 Part 2  Pages 187, 185, 207, 209",650,650,,,,,,325,,,,325,,,,,,650
2021,appropriations,Energy & Water,DOE,"Fossil Energy and Carbon Management (FECM) Research, Development, Demonstration, and Deployment (RDD&D)","
Carbon Capture, Utilization and Storage and Power Systems: Crosscutting Research",https://www.energy.gov/fecm/office-carbon-management-technologies,089-0213-0-1-271-0005,32900,Energy Storage Grand Challenge,The Energy Storage Grand Challenge (ESGC) program focuses on long-duration energy storage that is scalable from small applications to full-scale commercial power plants.,5000,"DOE FY22 Congressional Budget Justification Volume 3 Part 2  Pages 187, 185, 207, 209",5000,5000,,,,,,,5000,,,,,,,5000,,
2021,appropriations,Energy & Water,DOE,"Fossil Energy and Carbon Management (FECM) Research, Development, Demonstration, and Deployment (RDD&D)","
Carbon Capture, Utilization and Storage and Power Systems",https://www.energy.gov/fecm/office-carbon-management-technologies,089-0213-0-1-271-0007,446800,Carbon Dioxide Removal,"The Carbon Dioxide Removal program funds research in direct air capture, bioenergy with carbon capture and storage, and mineralization, terrestrial carbon removal and sequestration and coastal blue carbon.",40000,"DOE FY22 Congressional Budget Justification Volume 3 Part 2  Pages 182, 185, 226",40000,,,,20000,,20000,,,,,20000,,20000,,13333,13333,13333
2021,appropriations,Energy & Water,DOE,"Fossil Energy and Carbon Management (FECM) Research, Development, Demonstration, and Deployment (RDD&D)","
Carbon Capture, Utilization and Storage and Power Systems: Mineral Sustainability",https://www.energy.gov/fecm/minerals-sustainability,089-0213-0-1-271-0009,53000,Critical Minerals,"The Critical Minerals program focuses on the sustainable recovery of critical minerals throughout the upstream, midstream, and downstream supply chain by prioritizing the use of unconventional resources as the most environmentally sustainable primary feedstock resource for domestic production.",23000,"DOE FY22 Congressional Budget Justification Volume 3 Part 2  Pages 187, 231-34",23000,5750,5750,5750,,5750,,,,,,,,,23000,7667,7667,7667
2021,appropriations,Energy & Water,DOE,"Fossil Energy and Carbon Management (FECM) Research, Development, Demonstration, and Deployment (RDD&D)","
Carbon Capture, Utilization and Storage and Power Systems",https://www.energy.gov/fecm/office-carbon-management-technologies,089-0213-0-1-271-0030,446800,Transformational Coal Pilots,The Transformational Coal Pilots program funds two large-scale pilots that focus on transformational coal technologies with increased efficiency from thermodynamic improvements in energy conversion and heat transfer.,10000,"DOE FY22 Congressional Budget Justification Volume 3 Part 2  Pages 182, 229",10000,10000,,,,,,10000,,,,,,,,,10000,
2021,appropriations,Energy & Water,DOE,"Fossil Energy and Carbon Management (FECM) Research, Development, Demonstration, and Deployment (RDD&D)","
Carbon Capture, Utilization and Storage and Power Systems",https://www.energy.gov/fecm/office-carbon-management-technologies,089-0213-0-1-271-0022,446800,Supercritical Transformational Electric Power (STEP),"The Supercritical Transformational Electric Power (STEP) program focuses on RDD&D in higher efficiency, lower cost technologies that use supercritical CO2 to power cycles.",14500,DOE FY22 Congressional Budget Justification Volume 3 Part 2  Pages 227-228,14500,14500,,,,,,14500,,,,,,,,4833,4833,4833
2021,appropriations,Energy & Water,DOE,"Fossil Energy and Carbon Management (FECM) Research, Development, Demonstration, and Deployment (RDD&D)",Natural Gas Technologies,https://www.energy.gov/fecm/regulation,089-0213-0-1-271-0020,57001,Emissions Mitigation from Midstream Infrastructure,"The Emissions Mitigation from Midstream Infrastructure program develops advanced, cost-effective technologies to reduce emissions from natural gas transmission, distribution and storage facilities.",13500,"DOE FY22 Congressional Budget Justification Volume 3 Part 2  Page 236, 240, 242",13500,,,13500,,,,6750,,,,,6750,,,13500,,
2021,appropriations,Energy & Water,DOE,"Fossil Energy and Carbon Management (FECM) Research, Development, Demonstration, and Deployment (RDD&D)",Natural Gas Technologies,https://www.energy.gov/fecm/regulation,089-0213-0-1-271-0020,57002,Emissions Quantification from Natural Gas Infrastructure,"The Emissions Quantification from Natural Gas Infrastructure program focuses on developing advanced technologies to detect, locate, and measure emissions to inform mitigation and remediation efforts for natural gas pipelines, storage facilites, and abandoned or orphaned wells.",6500,"DOE FY22 Congressional Budget Justification Volume 3 Part 2  Page 236, 241-242",6500,,,6500,,,,,,,,,6500,,,6500,,
2021,appropriations,Energy & Water,DOE,Office of Indian Energy,Financial Assistance,https://www.energy.gov/indianenergy/technical-assistance,089-0342-0-1-271-0010,15810,Financial Assistance,"The Financial Assistance program supports the deployment of energy infrastructure, efficiency projects, and electrification projects to reduce energy costs and increase the reliability and resiliency of energy among Indian tribes.",15810,DOE FY22 Congressional Budget Justification Volume 3 Part 2 Pages 284-7,15810,15810,,,,,,5270,5270,5270,,,,,,,,15810
2021,appropriations,Energy & Water,DOE,Office of Indian Energy,Technical Assistance,https://www.energy.gov/indianenergy/technical-assistance,089-0342-0-1-271-0010,1190,Technical Assistance,"The Technical Assistance program disseminates information and provides high-level support for electrification and energy development in Indian Country with a focus on building partnerships and leveraging resources to maximize education, training, and technical assistance.",1190,DOE FY22 Congressional Budget Justification Volume 3 Part 2  Pages 284-7,1190,1190,,,,,,,595,595,,,,,,,,1190
2021,appropriations,Energy & Water,DOE,Office of Indian Energy,Program Direction,,089-0342-0-1-271,5000,Program Direction,"The Program Direction program provides the federal staff responsible for providing overall guidance and direction for DOE program offices on tribal energy activities and initiatives necessary to achieve IE’s program objectives and provides day-to-day management of financial assistance, technical assistance, and outreach and education.",5000,"DOE FY22 Congressional Budget Justification Volume 3 Part 2  Pages 284, 288",5000,5000,,,,,,1667,1667,1667,,,,,,,,5000
2021,appropriations,Energy & Water,DOE,Loan Programs Office,Advanced Technology Vehicle Manufacturing Loan Program,https://www.energy.gov/lpo/products-services/advanced-technology-vehicles-manufacturing-loan-program,089-0322-0-1-272,5000,Advanced Technology Vehicle Manufacturing Loan Program,"The Advanced Technology Vehicle Manufacturing Loan Program  provides long-term, low-interest rate debt capital to companies looking to manufacture fuel-efficient components and advanced technology light-duty passenger vehicles.",5000,DOE FY22 Congressional Budget Justification Volume 3 Part 2  Pages 296-9,5000,,5000,,,,,2500,,2500,,,,,,,,5000
2021,appropriations,Energy & Water,DOE,Loan Programs Office,Title 17 Innovative technology Loan Guarantee Program,https://www.energy.gov/lpo/title-17-governing-documents,089-0208-0-1-271,29000,Title 17 Innovative technology Loan Guarantee Program,"The Title 17 Innovative technology Loan Guarantee Program accelerates the deployment of innovative projects to help launch new clean energy markets, reduce greenhouse gas emission, and drive American economic growth by providing flexible, custom financing and access to debt capital that helps to meet the specific needs of individual borrowers.",29000,DOE FY22 Congressional Budget Justification Volume 3 Part 2  Pages 306-8,29000,29000,,,,,,9667,9667,9667,,,,,,,,29000
2021,appropriations,Energy & Water,DOE,Loan Programs Office,Tribal Energy Loan Guarantee Program,https://www.energy.gov/lpo/tribal-energy-loan-guarantee-program,089-0350-0-1-271,2000,Tribal Energy Loan Guarantee Program,The Tribal Energy Loan Guarantee Program provides support to commercial lenders to provide debt capital to Tribal companies and organizations installing energy projects.,2000,DOE FY22 Congressional Budget Justification Volume 3 Part 2  Page 318,2000,2000,,,,,,667,667,667,,,,,,,,2000
2021,appropriations,Energy & Water,DOE,Advanced Research Projects Agency - Energy,Advanced Research Projects Agency - Energy Suboffice,https://arpa-e.energy.gov,089-0337-0-1-270-0001,427000,Transportation Systems,The Transportation Systems research area focuses on advanced battery electrodes and conductors for high capacity and rapid charge to enable adoption of electrified transportation applications.,196000,FY22 Budget Request Volume 3 Part 2 Page 348,427000,,427000,,,,,,,427000,,,,,,213500,213500,
2021,appropriations,Energy & Water,DOE,Advanced Research Projects Agency - Energy,Advanced Research Projects Agency - Energy Suboffice,https://arpa-e.energy.gov,089-0337-0-1-270-0001,427000,Stationary Power Systems,"The Stationary Power Systems research area focuses on advanced fusion energy applications, grid resilience, and flexibility.",196000,FY22 Budget Request Volume 3 Part 2 Page 349,427000,427000,,,,,,,427000,,,,,,,213500,213500,
2021,appropriations,Energy & Water,DOE,Office of Science (SC),Basic Energy Science,https://www.energy.gov/science/bes/basic-energy-sciences,089-0222-0-1-251-0001,2245000,Condensed Matter and Materials Physics Research,"The Condensed Matter and Materials Physics Research program supports fundamental experimental and theoretical research to discover, understand, and control novel phenomena in solid materials which make up the infrastructure for clean energy technologies. Thins includes research to reduce or eliminate the use of critical minerals from key energy technologies.",170200,"DOE FY22 Congressional Budget Justification Volume 4, Pages 72, 73, 78",170200,42550,42550,42550,,42550,,56733,56733,56733,,,,,,170200,,
2021,appropriations,Energy & Water,DOE,Office of Science (SC),Basic Energy Science,https://www.energy.gov/science/bes/basic-energy-sciences,089-0222-0-1-251-0001,2245000,Energy Frontier Research Centers - Materials,"The Materials Energy Frontier Research Centers support the design, discovery, synthesis, characterization, and understanding of novel, solid-state materials that convert energy into electricity; the understanding of materials and processes that are foundational for electrical energy storage and gas separation; quantum materials and quantum information science; microelectronics; and materials for future nuclear energy and waste storage.",575000,"DOE FY22 Congressional Budget Justification Volume 4, Pages 8, 61, 65, 74, 80",575000,143750,143750,143750,,143750,,191667,191667,191667,,,,,,575000,,
2021,appropriations,Energy & Water,DOE,Office of Science (SC),Basic Energy Science,https://www.energy.gov/science/bes/basic-energy-sciences,089-0222-0-1-251-0001,224500,Materials Sciences and Engineering - Energy Innovation Hubs,The Batteries and Energy Storage Innovation Hub focuses on early-stage research to tackle basic science challenges for electrochemical energys storage for the grid and vehicles.,24088,"DOE FY22 Congressional Budget Justification Volume 4, Pages 61, 65, 75, 80",24088,12044,12044,,,,,,12044,12044,,,,,,24088,,
2021,appropriations,Energy & Water,DOE,Office of Science (SC),Basic Energy Science,https://www.energy.gov/science/bes/basic-energy-sciences,089-0222-0-1-251-0001,224500,Chemical Transformations Research,"The Chemical Transformations Research Area focuses on novel approaches to separate complex chemical mixtures with high efficiency, with increased focus on separation of carbon dioxide from dilute mixtures and supporting fundamental research to predict, design, and synthesize novel catalysts and bioinspired metal complexes with enhanced performance for thermo- and electro-chemical conversions important in clean-energy applications and chemical upcycling of polymers.",112292,"DOE FY22 Congressional Budget Justification Volume 4, Pages 61, 65, 85, 89",112292,56146,,56146,,,,18715,18715,18715,,18715,18715,,18715,112292,,
2021,appropriations,Energy & Water,DOE,Office of Science (SC),Basic Energy Science,https://www.energy.gov/science/bes/basic-energy-sciences,089-0222-0-1-251-0001,224500,Photochemistry and Biochemistry Research,The Photochemistry and Biochemistry Research area focuses on understanding the molecular mechanisms that capture light energy and convert it into electrical and chemcial energy in both natural and man-made systems which can support clean energy and electricity generation applications.,82589,"DOE FY22 Congressional Budget Justification Volume 4, Pages 85, 90",82589,41295,,,,41295,,,41295,41295,,,,,,82589,,
2021,appropriations,Energy & Water,DOE,Office of Science (SC),Basic Energy Science,https://www.energy.gov/science/bes/basic-energy-sciences,089-0222-0-1-251-0001,224500,Energy Frontier Research Centers - Chemical,"The Chemical Energy Frontier Research Centers focuses on the design, discovery, characterization, and control of the chemical, biochemical, and geological processes for improved electrochemical conversion and storage of energy; the understanding of catalytic chemistry and biochemistry that are foundational for fuels, chemicals, separations, and polymer upcycling; nuclear energy; and advanced characterization of the earth’s subsurface.",575000,"DOE FY22 Congressional Budget Justification Volume 4, Pages 61, 65, 86",575000,143750,143750,143750,,143750,,,143750,143750,143750,,,,143750,575000,,
2021,appropriations,Energy & Water,DOE,Office of Science (SC),Basic Energy Science,https://www.energy.gov/science/bes/basic-energy-sciences,089-0222-0-1-251-0001,224500,"Chemical Sciences, Geosciences, and Biosciences - Energy Innovation Hubs","The Chemical Sciences, Geosciences, and Biosciences Energy Innovation Hubs address challenges in the use of solar energy, water, and carbon dioxide as the only inputs for fuels production in clean energy.",20000,"DOE FY22 Congressional Budget Justification Volume 4, Pages 61, 65, 86",20000,6667,6667,6667,,,,,6667,,6667,6667,,,,20000,,
2021,appropriations,Energy & Water,DOE,Office of Science (SC),Biological and Environmental Research,https://www.energy.gov/science/ber/biological-and-environmental-research,089-0222-0-1-251-0003,753000,Biological Systems Facilities and Infrastructure,The Biological Systems Facilities and Infrastructure program funds a major genome sequencing center focused on genome discovery and analysis in plants and microbes for energy and environmental applications such as biomass formation or carbon capture.,80000,"DOE FY22 Congressional Budget Justification Volume 4, Pages 179, 187",80000,26667,,,26667,,26667,,20000,,20000,20000,,20000,,80000,,
2021,appropriations,Energy & Water,DOE,Office of Science (SC),Biological and Environmental Research,https://www.energy.gov/science/ber/biological-and-environmental-research,089-0222-0-1-251-0003,753000,Genomic Science,"The Genomic Science research area focuses on stably and securely modifying microorganisms and plants with specific beneficial traits for renewable bioenergy, bioproduct and biomaterials production. These include new analysis concepts for sustainable production of bioenergy crops and microbes to convert biomass components to a range of fuels and bioproducts.",277574,"DOE FY22 Congressional Budget Justification Volume 4, Pages 185-8",277574,46262,46262,46262,46262,46262,46262,,69394,,69394,,,69394,69394,277574,,
2021,appropriations,Energy & Water,DOE,Office of Science (SC),Fusion Energy Sciences,https://www.energy.gov/science/fes/fusion-energy-sciences,089-0222-0-1-251-0006,415000,Fusion Energy Sciences,"The Fusion Energy Sciences program builds the scientific foundation needed to develop a fusion energy source which is carbon-free, inherently safe, does not produce radioactive waste, and is virtually inexhaustible.",415000,"DOE FY22 Congressional Budget Justification Volume 4, Pages 203, 207",415000,415000,,,,,,,415000,,,,,,,415000,,
2021,appropriations,Transportation-HUD,DOT,Federal Aviation Administration,"Research, Engineering & Development",https://www.faa.gov/about/office_org/headquarters_offices/ang/redac,069-1301-0-1-402-0010,198000,Alternative Fuels for General Aviation,"The Alternative Fuels for General Aviation program researches, develops, and tests aviation fuels without lead emissions to support climate mitigation.",2524,FAA FY22 Budget Estimates Section 3C Page 40; FAA FY21 Budget Estimates Pages 52-54,2524,,2524,,,,,,,,1262,,1262,,,1262,1262,
2021,appropriations,Transportation-HUD,DOT,Federal Aviation Administration,"Research, Engineering & Development",https://www.faa.gov/about/office_org/headquarters_offices/ang/redac,069-1301-0-1-402-0010,198000,Environment and Energy,The Environment and Energy program produces data to develop cost-effective measures to mitigate the environmental impacts of aviation noise and emissions.,20304,FAA FY22 Budget Estimates Section 3C Page 59; FAA FY21 Budget Estimates Page 21,20304,,20304,,,,,20304,,,,,,,,20304,,
2021,appropriations,Transportation-HUD,DOT,Federal Aviation Administration,"Research, Engineering & Development",https://www.faa.gov/about/office_org/headquarters_offices/ang/redac,069-1301-0-1-402-0010,198000,"NextGen Environmental Research: Aircraft Technologies, and Fuels","The NextGen – Environmental Research: Aircraft Technologies and Fuels program researches, develops, and deploys new aircraft technologies, engine technologies, and advanced sustainable aviation fuels to create a fleet which uses less fuel and produces fewer emissions.",31465,FAA FY22 Budget Estimates Section 3C Page 63; FAA FY21 Budget Estimates Pages 78-81,31465,,31465,,,,,15733,,,15733,,,,,10488,10488,10488
2021,appropriations,Transportation-HUD,DOT,Federal Highway Administration,Federal-aid Highway Program,https://www.fhwa.dot.gov/federal-aidessentials/federalaid.cfm,069-8083-0-7-401-0015,47061969,Congestion Mitigation and Air Quality Improvement Program,"The CMAQ program funds transportation projects and programs that support the Clean Air Act including deploying EV charging infrastructure, alternative fuel projects, and system efficiency improvements.",2493589,FHA FY22 Budget Estimates Section 3 Page 33,2493589,,2493589,,,,,831196,,831196,831196,,,,,,,2493589
2021,appropriations,Transportation-HUD,DOT,Federal Highway Administration,Federal-aid Highway Program,https://www.fhwa.dot.gov/federal-aidessentials/federalaid.cfm,069-8083-0-7-401-0019,47061969,National Highway Freight Program,"The National Highway Freight Program provides funds to states to improve efficiency of supply chains and freight, including introducing electric vehicles and charging networks to remote areas to contribute to reduced emissions.",1487305,FHA FY22 Budget Estimates Section 3 Page 42,297461,,297461,,,,,148731,,148731,,,,,,,,297461
2021,appropriations,Transportation-HUD,DOT,Federal Highway Administration,Federal-aid Highway Program,https://www.fhwa.dot.gov/federal-aidessentials/federalaid.cfm,069-8083-0-7-401-0024,47061969,Federal Lands and Tribal Transportation Programs,"The Federal Lands and Tribal Transportation Programs support safe, seamless, and multimodal transportation access to and within Federal and Tribal lands, including promoting EV infrastructure among other infrastructure upgrades.",1250000,"FHA FY23 Budget Estimates II-3, III-65, III-66",250000,,250000,,,,,125000,,125000,,,,,,,,250000
2021,appropriations,Transportation-HUD,DOT,Federal Highway Administration,Federal-aid Highway Program,https://www.fhwa.dot.gov/federal-aidessentials/federalaid.cfm,069-8083-0-7-401-0017,47061969,Metropolitan Transportation Planning,"The Metropolitan Transportation Planning program engages local jurisdictions and transit operators to identify the needs and investment priorities for regions and create plans and programs to fill gaps in multimodal transportation, connectivity, environmental mitigation, and congestion mitigation among other priorities.",357875,"FHA FY23 Budget Estimates II-3, III-49, III-50",71575,,71575,,,,,35788,,35788,,,,,,,,71575
2021,appropriations,Transportation-HUD,DOT,Federal Highway Administration,Federal-aid Highway Program,https://www.fhwa.dot.gov/federal-aidessentials/federalaid.cfm,069-8083-0-7-401-0058,47061969,Infrastructure for Rebuilding America (INFRA) Program,"The Infrastructure for Rebuilding America (INFRA) program allows States, metropolitan planning organizations, local governments, and other eligible entities to apply for funding to complete projects that improve safety, generate economic benefits, reduce congestion, enhance resiliency, and hold the greatest promise to eliminate freight bottlenecks and improve critical freight movements.",1000000,FHA FY22 Budget Estimates Section 3 Page 88,200000,,200000,,,,,100000,,100000,,,,,,,,200000
2021,appropriations,Transportation-HUD,DOT,Federal Highway Administration,Highway Infrastructure Programs,https://www.fhwa.dot.gov/specialfunding/fbp/,069-0548-0-1-401-0001,404000,Construction of Ferry Boats and Ferry Terminal Facilities,The Construction of Ferry Boats and Ferry Terminal Facilities program addresses mobility and access in urban and rural areas by providing valuable assistance to help States and other entities replace or acquire new ferry boats; replace propulsion systems with newer cleaner and more energy-efficient power plants; update navigational control systems; construct new terminals; improve access for the disabled; and replace and construct new docking facilities.,80000,"FHA FY23 Budget Estimates II-3, III-105, III-106",16000,,16000,,,,,16000,,,,,,,,,,16000
2021,appropriations,Transportation-HUD,DOT,National Highway Traffic Safety Administration,Operations & Research (GF): Research and Analysis,https://www.nhtsa.gov/crashworthiness/alternative-fuel-safety,069-0650-0-1-401,35598,Alternative Fuels,The Alternative Fuels program researches the safety of electric and hydrogen drive vehicle systems and develop diagnostic procedures to monitor the safety of these evolving systems to enhance the safety of future electric vehicles.,600,"NHTSA FY22 Budget Estimates Page 38; NHTSA FY23 Budget Estimates, Page 31",600,,600,,,,,,,300,300,,,,,600,,
2021,appropriations,Transportation-HUD,DOT,Federal Transit Administration,Transit Formula Grants,https://www.transit.dot.gov/grants?combine&field_grant_type_target_id=All&page=0,069-1129-0-1-401-0004,10150348,Public Transportation Innovation,The Public Transportation Innovation program accelerates the adoption of zero-emission buses and associated electrification infrastructure among other safety and efficiency improvements.,28000,"FTA FY22 Budget Estimates Page FTA-1, TFG-3, RDT-2",28000,,28000,,,,,14000,,14000,,,,,,28000,,
2021,appropriations,Transportation-HUD,DOT,Federal Railroad Administration,Railroad Research & Development,https://railroads.dot.gov/program-areas/research-and-development-funding/research-and-development-funding,069-0745-0-1-401-0001,41000,Railroad System Issues Program,"The Railroad System Issues program works to advance research, development, and testing of alternative fuels for use in rail and other clean energy solutions.",6371,FRA FY22 Budget Estimates Page 49; FRA FY21 Budget Estimates Page 45,6371,,6371,,,,,3186,,,3186,,,,,3186,3186,
2021,appropriations,Transportation-HUD,DOT,Federal Railroad Administration,Restoration and Enhancement Grants,https://railroads.dot.gov/grants-loans/competitive-discretionary-grant-programs/restoration-and-enhancement-grant-program,069-0127-0-1-401-0001,4720,Restoration and Enhancement Grants (Sub-Office),Restoration and Enhancement Grants support expanding intercity passenger rail corridors and develop new cooridor services to reduce congestion and greenhouse gas emissions.,4720,"FRA FY22 Budget Estimates Page 11, 112",4720,,4720,,,,,4720,,,,,,,,,,4720
2021,appropriations,Transportation-HUD,DOT,Federal Railroad Administration,Magnetic Levitation Technology Deployment Program,https://railroads.dot.gov/grants-loans/competitive-discretionary-grant-programs/magnetic-levitation-deployment-grants-0,069-0129-0-1-401-0001,2000,Magnetic Levitation Technology Deployment Program (Sub-Office),"The Magnetic Levitation Technology Deployment Program (Maglev) funds preconstruction planning activities and capital costs of viable, existing, completely emission-free Maglev projects.",2000,https://railroads.dot.gov/grants-loans/competitive-discretionary-grant-programs/magnetic-levitation-deployment-grants-0,2000,,2000,,,,,2000,,,,,,,,,,2000
2021,appropriations,Transportation-HUD,DOT,Pipeline & Hazardous Materials Safety Administration,Pipeline Safety,https://www.phmsa.dot.gov/about-phmsa/offices/office-pipeline-safety,069-5172-0-2-407-0002,168000,Research & Development,"The Research & Development program in the Pipeline Safety Sub-Office funds research on projects that provide near-term solutions to improve pipeline safety and reduce the environmental impact of failures, therefore reducing methane emissions from the oil and gas sector.",12000,"PHMSA FY22 Budget Estimates Pages 32, 37; PHMSA FY21 Budget Estimates Page 59",12000,,12000,,,,,,,,,,12000,,,12000,,
2021,appropriations,Transportation-HUD,DOT,Maritime Administration,Maritime Environmental and Technical Assistance (META),https://www.maritime.dot.gov/innovation/meta/maritime-environmental-and-technical-assistance-meta-program,069-1750-0-1-403-0009,3000,"Maritime Decarbonization, Alternative Energy Technology, and Energy Efficiency","The Maritime Decarbonization, Alternative Energy Technology, and Energy Efficiency (META) program seeks to make marine transportation more technologically advanced, energy efficient and sustainable through maritime decarbonization, investments in renewable energy and energy efficiency including alternative fuels and high powered batteries.",2000,MARAD FY22 Budget Estimates Pages 42-43,2000,,2000,,,,,500,500,500,500,,,,,667,667,667
2021,appropriations,Agriculture,USDA,Farm Production and Conservation,Farm Service Agency,https://www.fsa.usda.gov/programs-and-services/conservation-programs/index,012-0600-0-1-351-0801,1534000,Guaranteed Conservation Loans,"The Guaranteed Conservation Loans program administers loans which allow farming operations access to credit to implement conservation practices such as reducing soil erosion, improving water quality, and promoting sustainable and organic agricultural practices such as establishing forest cover or managing manure digestion systems.",150000,2022 USDA Budget Summary Page 36; https://www.fsa.usda.gov/Assets/USDA-FSA-Public/usdafiles/FactSheets/2019/conservation-loan-program-factsheet-19.pdf,150000,,,,75000,,75000,,,,,,75000,75000,,,,150000
2021,appropriations,Agriculture,USDA,Farm Production and Conservation,Natural Resources Conservation Service,https://www.fsa.usda.gov/programs-and-services/conservation-programs/index,012-1000-0-1-302,4625000,Conservation Operations,The Conservation Operations program provides loans which allow farming operations access to credit to implement conservation programs to conserve soil and water and control agricultural related pollutants.,833000,"2022 USDA Budget Summary Page 48; 2023 USDA Explanatory Notes Page 29-14, 29-20",833000,,,,833000,,,,,,,,416500,416500,,,,833000
2021,appropriations,Agriculture,USDA,Farm Production and Conservation,Natural Resources Conservation Service,https://www.nrcs.usda.gov/wps/portal/nrcs/main/national/programs/,012-1004-0-1-302-,4625000,Farm Security and Rural Investment Programs,"The Farm Security and Rural Investment Programs include the  Agricultural Conservation Easement Program, Agricultural Management Assistance, Agricultural Water Enhancement Program, Chesapeake Bay Watershed Program, Conservation Stewardship Program, Environmental Quality Incentives Program, Conservation Innovation Grants, Farm and Ranch Lands Protection Program, Grassland Reserve Program, Healthy Forests Reserve Program, Regional Conservation Partnership Program, Voluntary Public Access and Habitat Incentive Program, Wetlands Reserve Program, Wetlands Mitigation Banking Program, Wildlife Habitat Incentive Program, Feral Swine Eradication and Control Pilot Program, and Office of Urban Agriculture and Innovative Production.",3551115,2022 USDA Budget Summary Page 48; 2023 USDA Explanatory Notes Page 29-88,1375000,,,,687500,,687500,,,,,,687500,687500,,458333,458333,458333
2021,appropriations,Interior & Environment,USDA,Natural Resources and Environment,Forest Service,https://www.fs.usda.gov,012-1106-0-1-302,8371000,Collaborative Forest Landscape Restoration,"The Collaborative Forest Landscape Restoration program uses science-based approaches to enhance forest and watershed health, reduce risk from uncharacteristic wildfire, and provide benefits to rural economies.",13787,"2022 USDA Budget Summary Page 82; USFS FY22 Budget Justification Page 66, 11",10000,,,,,,10000,,,,,,,10000,,,,10000
2021,appropriations,Interior & Environment,USDA,Natural Resources and Environment,Forest Service,https://www.fs.usda.gov,012-1105-0-1-302,8371000,Community Forest and Open Space Conservation,The Community Forest and Open Space Conservation Program (CFP) provides financial assistance grants for acquiring and establishing working community forests that provide public benefits.,4000,2022 USDA Budget Summary Page 82; USFS FY22 Budget Justification Page 53,3000,,,,,,3000,,,,,,,3000,,,,3000
2021,appropriations,Interior & Environment,USDA,Natural Resources and Environment,Forest Service,https://www.fs.usda.gov,012-9974-0-7-302,8371000,Cooperative Work - Knutson-Vandenberg,The Cooperative Work-Knutson-Vanderberg program performs improvements within timber sale areas such as reforestation and timber stand improvement.,69732,"2022 USDA Budget Summary Page 82; USFS FY22 Budget Justification Page 125, 13",59000,,,,,,59000,,,,,,,59000,,,,59000
2021,appropriations,Interior & Environment,USDA,Natural Resources and Environment,Forest Service,https://www.fs.usda.gov,012-9974-0-7-302,8371000,Cooperative Work - Other,The Cooperative Work-Other program funds a wide variety of activities which support forest and rangeland research on national forest system lands such as protecting non-federal lands from wildfire.,40268,"2022 USDA Budget Summary Page 82; USFS FY22 Budget Justification Page 125, 13",30000,,,,,,30000,,,,,,,30000,,,,30000
2021,appropriations,Interior & Environment,USDA,Natural Resources and Environment,Forest Service,https://www.fs.usda.gov,012-1105-0-1-302,8371000,FHM - Cooperative Lands,"The Forest Health Management on Cooperative Lands (FHM-Cooperative Lands) program provides technical and financial assistance to monitor, assess, and mitigate forest health threats on non-Federal lands before pests spread to healthy forests.",30747,"2022 USDA Budget Summary Page 82; USFS FY22 Budget Justification Page 50, 11",28000,,,,,,28000,,,,,,,28000,,,,28000
2021,appropriations,Interior & Environment,USDA,Natural Resources and Environment,Forest Service,https://www.fs.usda.gov,012-1105-0-1-302,8371000,FHM Federal Lands,The Forest Health Management on Federal Lands program (FHM-Federal Lands) helps the National Forest System and other actively managed Federal lands to suppress forest insects and diseases.,15485,"2022 USDA Budget Summary Page 82; USFS FY22 Budget Justification Page 49, 11",15000,,,,,,15000,,,,,,,15000,,,,15000
2021,appropriations,Interior & Environment,USDA,Natural Resources and Environment,Forest Service,https://www.fs.usda.gov,012-1104-0-1-302-0006,8371000,Forest and Rangeland Research,"The Forest Service Research and Development program provides scientific information and innovative technology to support sustainable management of the Nation’s diverse forests and rangelands to improve forest and grassland conditions, inform adaptation to climate change, and to enhance greenhouse gas mitigation through forest management.",40720,"2022 USDA Budget Summary Page 82; USFS FY22 Budget Justification Page 39, 11",18000,,,,,,18000,,,,,,,18000,,18000,,
2021,appropriations,Interior & Environment,USDA,Natural Resources and Environment,Forest Service,https://www.fs.usda.gov,012-1105-0-1-302-0002,8371000,Forest Legacy (Great Amercian Outdoors Act),The Forest Legacy Program (FLP) protects critical forest landscapes threatened by land conversion through conservation easements and fee-simple purchases in partnership with State agencies and private landowners.,94255,"2022 USDA Budget Summary Page 82; USFS FY22 Budget Justification Page 52, 12",62000,,,,,,62000,,,,,,,62000,,,,62000
2021,appropriations,Interior & Environment,USDA,Natural Resources and Environment,Forest Service,https://www.fs.usda.gov,012-5540-0-2-302,8371000,Forest Stewardship Program,"The Forest Stewardship Program (FSP) focuses on active management and conservation, providing non-industrial private forest landowners with comprehensive technical assistance, forest management plans, and tools to access other Federal, State, and private programs that deliver on-the-ground results in sustaining the productivity, health, and resilience of their land and forest resources.",11902,"2022 USDA Budget Summary Page 82; USFS FY22 Budget Justification Page 51, 11",7000,,,,,,7000,,,,,,,7000,,,,7000
2021,appropriations,Interior & Environment,USDA,Natural Resources and Environment,Forest Service,https://www.fs.usda.gov,012-1115-0-1-302-1100,8371000,Hazardous Fuels,"The Hazardous Fuels program funds treatments including vegetation manipulation, removal, or modification of wildland fuels to reduce the likelihood of ignition, reduce potential fire intensity and rate of spread, lessen potential damage, or limit the spread of invasive species and diseases.",180388,"2022 USDA Budget Summary Page 82; USFS FY22 Budget Justification Page 67, 11",177000,,,,,,177000,,,,,,,177000,,,,177000
2021,appropriations,Interior & Environment,USDA,Natural Resources and Environment,Forest Service,https://www.fs.usda.gov,012-1106-0-1-302,8371000,"Land Management Planning, Assessment, and Monitoring","The Land Management Planning, Assessment, and Monitoring program studies forest and grassland conditions and guides national forest system management activitites to improve forest conditions.",16544,"2022 USDA Budget Summary Page 82; USFS FY22 Budget Justification Page 67, 11",6000,,,,,,6000,,,,,,,6000,,,,6000
2021,appropriations,Interior & Environment,USDA,Natural Resources and Environment,Forest Service,https://www.fs.usda.gov,012-5716-0-2-302,8371000,National Parks and Public Land Legacy Restoration Fund,The National Parks and Public Land Legacy Restoration Fund supports projects that perform maintenance to improve access and enhance forest conditions.,285000,"2022 USDA Budget Summary Page 82; USFS FY22 Budget Justification Page 115, 3",143000,,,,,,143000,,,,,,,143000,,,,143000
2021,appropriations,Interior & Environment,USDA,Natural Resources and Environment,Forest Service,https://www.fs.usda.gov,012-5207-0-2-302,8371000,Range Betterment Fund,"The Range Betterment Fund supports range rehabilitation, protection and improvements on national forest lands, such as seeding, reseeding, weed and other plant removal and control, and wildlife habitat enhancement.",1719,"2022 USDA Budget Summary Page 82; USFS FY22 Budget Justification Page 95, 12",1000,,,,,,1000,,,,,,,1000,,,,1000
2021,appropriations,Interior & Environment,USDA,Natural Resources and Environment,Forest Service,https://www.fs.usda.gov,012-9974-0-7-302-0003,8371000,Reforestation Trust Fund,"The Reforestation Trust Fund supports reforestation and timber stand improvement work to regenerate forest vegetation on areas impacted by wildfire, floods, and hurricanes, increase carbon sequestration capacity, and establish more resilient forests.",30000,"2022 USDA Budget Summary Page 82; USFS FY22 Budget Justification Page 126, 13",30000,,,,,,30000,,,,,,,30000,,,,30000
2021,appropriations,Interior & Environment,USDA,Natural Resources and Environment,Forest Service,https://www.fs.usda.gov,012-5540-0-2-302-0001,8371000,Stewardship Contracting,The Stewardship Contracting program restores forested lands and uses the forest products removed during restoration activities for products such as woody biomass for energy production and timber for construction.,30000,"2022 USDA Budget Summary Page 82; USFS FY22 Budget Justification Page 117, 12; USFS FY23 Budget Justification Page 193",15000,5000,,,,5000,5000,,5000,,,,,5000,5000,,,15000
2021,appropriations,Interior & Environment,USDA,Natural Resources and Environment,Forest Service,https://www.fs.usda.gov,012-1106-0-1-302,8371000,Vegetation and Watershed Management,"The Vegetation and Watershed Management program ensures the productive and sustainable use of National Forest System lands by improving the condition and health of forest and rangeland vegetation, controlling the spread of invasive species, sustaining soil productivity, reducing the risk of severe flooding and erosion in areas affected by severe fire, and maintaining water quality.",28683,"2022 USDA Budget Summary Page 82; USFS FY22 Budget Justification Page 72, 11",20000,,,,,,20000,,,,,,,20000,,,,20000
2021,appropriations,Interior & Environment,USDA,Natural Resources and Environment,Forest Service,https://www.fs.usda.gov,012-1106-0-1-302,8371000,Wildlife and Fisheries Habitat Management,"The Wildlife and Fisheries Habitat Management program maintains ecological conditions needed to maintain the diversity, viability, and productivity of plant and animal communities and reforestation and revegetation efforts in support of ecological restoration and post-wildfire recovery.",20727,"2022 USDA Budget Summary Page 82; USFS FY22 Budget Justification Page 69, 11",10000,,,,,,10000,,,,,,,10000,,,,10000
2021,appropriations,Agriculture,USDA,Rural Development,Rural Utility Service,https://www.rd.usda.gov/programs-services/electric-programs,012-2042-0-1-452-0001,1301000,High Energy Cost Grants,The High Energy Cost Grants program assists energy providers and other eligible entities in lowering energy costs for families and individuals in areas with extremely high per-household energy costs.,10000,2022 USDA Explanatory Notes Page 33-56,5900,5900,,,,,,1967,1967,1967,,,,,,,,5900
2021,appropriations,Agriculture,USDA,Rural Development,Rural Utility Service,https://www.rd.usda.gov/programs-services/electric-programs,012-1230-0-1-271-115012,1301000,Rural Energy Savings Program,The Rural Energy Savings Program (RESP) provides loans to rural utilities and other companies who provide energy efficiency loans to qualified consumers to implement durable cost-effective energy efficiency measures.,11000,2023 USDA Explanatory Notes Page 34-24,11000,11000,,,,,,11000,,,,,,,,,,11000
2021,appropriations,Agriculture,USDA,Rural Development,Rural Business Cooperative Service,https://www.rd.usda.gov/about-rd/agencies/rural-business-cooperative-service,012-1908-0-1-451,233000,"Rural Energy for America, Section 9007","The Rural Energy for America Section 9007 guaranteed loan and grant programs help farmers, ranchers and rural small businesses purchase and install renewable energy systems and make energy efficiency improvements.",50380,2023 USDA Explanatory Notes Page 33-3,50380,,,,25190,25190,,25190,25190,,,,,,,,,50380
2021,appropriations,Agriculture,USDA,Rural Development,Rural Business Cooperative Service,https://www.rd.usda.gov/about-rd/agencies/rural-business-cooperative-service,012-2073-0-1-452-0010,233000,Section 9005 Bioenergy Program for Advanced Biofuels,The Section 9005 Bioenergy Program for Advanced Biofuels makes payments to eligible producers to increase the production of advanced biofuels.,7000,2022 USDA Explanatory Notes Page 32-5; 2023 USDA Explanatory notes Page 33-63,7000,,,,7000,,,,,,7000,,,,,,,7000